Workbook

Sheet 3068
A1: qid_date | B1: 万联证券 | C1: 上海证券 | D1: 东亚前海证券 | E1: 东兴证券 | F1: 东吴证券 | G1: 东方证券 | H1: 东方财富证券 | I1: 东莞证券 | J1: 中原证券 | K1: 中国银河 | L1: 中航证券 | M1: 中邮证券 | N1: 中银证券 | O1: 信达证券 | P1: 光大证券 | Q1: 华安证券 | R1: 华福证券 | S1: 华西证券 | T1: 华金证券 | U1: 华鑫证券 | V1: 南京证券 | W1: 国信证券 | X1: 国元证券 | Y1: 国开证券 | Z1: 国盛证券 | AA1: 国联证券 | AB1: 国金证券 | AC1: 天风证券 | AD1: 太平洋 | AE1: 安信证券 | AF1: 山西证券 | AG1: 川财证券 | AH1: 平安证券 | AI1: 开源证券 | AJ1: 德邦证券 | AK1: 招银国际 | AL1: 方正证券 | AM1: 民生证券 | AN1: 浙商证券 | AO1: 海通国际 | AP1: 申港证券 | AQ1: 红塔证券 | AR1: 群益证券 | AS1: 英大证券 | AT1: 西南证券 | AU1: 西部证券 | AV1: 财信证券 | AW1: 长城国瑞证券 | AX1: 首创证券
A2: 44537 | B2: 0 | C2: 0 | D2: 0 | E2: 0 | F2: 0 | G2: 0.013057 | H2: -0.009944 | I2: 0 | J2: 0 | K2: 0 | L2: 0 | M2: 0 | N2: 0.01942 | O2: 0 | P2: 0 | Q2: 0 | R2: 0 | S2: 0 | T2: 0 | U2: 0 | V2: 0 | W2: 0 | X2: 0 | Y2: 0 | Z2: 0 | AA2: 0 | AB2: 0 | AC2: 0 | AD2: 0.0315 | AE2: 0 | AF2: 0 | AG2: 0 | AH2: 0 | AI2: 0.110599 | AJ2: 0 | AK2: 0 | AL2: 0 | AM2: 0 | AN2: -0.013658 | AO2: 0 | AP2: 0 | AQ2: 0 | AR2: 0 | AS2: 0 | AT2: 0 | AU2: 0 | AV2: 0 | AW2: 0 | AX2: 0
A3: 44538 | B3: 0 | C3: 0 | D3: 0 | E3: 0 | F3: -0.044335 | G3: 0.003752 | H3: 0 | I3: 0 | J3: 0 | K3: 0 | L3: 0 | M3: 0 | N3: 0 | O3: 0 | P3: 0 | Q3: 0 | R3: 0 | S3: 0 | T3: 0 | U3: 0 | V3: 0 | W3: 0 | X3: 0 | Y3: 0 | Z3: 0 | AA3: 0 | AB3: 0 | AC3: 0 | AD3: 0 | AE3: 0 | AF3: 0 | AG3: 0 | AH3: 0 | AI3: -0.0620665 | AJ3: 0 | AK3: 0 | AL3: 0 | AM3: 0 | AN3: 0 | AO3: 0 | AP3: 0 | AQ3: 0 | AR3: 0 | AS3: 0 | AT3: 0 | AU3: 0 | AV3: 0 | AW3: 0 | AX3: 0
A4: 44539 | B4: 0 | C4: 0 | D4: 0 | E4: 0 | F4: 0 | G4: 0 | H4: 0 | I4: 0 | J4: 0 | K4: 0.033497 | L4: 0 | M4: 0 | N4: 0 | O4: 0 | P4: 0 | Q4: 0 | R4: 0 | S4: 0 | T4: 0 | U4: 0.056986 | V4: 0 | W4: -0.007254 | X4: 0 | Y4: 0 | Z4: 0 | AA4: 0 | AB4: 0 | AC4: 0 | AD4: -0.0321245 | AE4: 0 | AF4: 0 | AG4: 0 | AH4: 0 | AI4: 0.002502 | AJ4: 0.100373 | AK4: 0 | AL4: 0 | AM4: -0.0260315 | AN4: -0.0187625 | AO4: 0 | AP4: 0 | AQ4: 0 | AR4: 0 | AS4: 0 | AT4: 0 | AU4: 0 | AV4: 0 | AW4: 0 | AX4: -0.033945
A5: 44540 | B5: 0 | C5: 0 | D5: 0 | E5: 0 | F5: -0.022742667 | G5: 0 | H5: 0 | I5: 0 | J5: 0 | K5: 0 | L5: 0 | M5: 0 | N5: 0 | O5: 0 | P5: 0 | Q5: 0 | R5: 0 | S5: 0 | T5: 0 | U5: 0 | V5: 0 | W5: 0 | X5: 0.027276 | Y5: 0 | Z5: 0 | AA5: 0 | AB5: 0 | AC5: 0.006814 | AD5: 0 | AE5: 0 | AF5: 0 | AG5: 0 | AH5: 0 | AI5: 0 | AJ5: 0.02780225 | AK5: 0 | AL5: 0 | AM5: -0.0057006667 | AN5: -0.030064 | AO5: 0 | AP5: 0 | AQ5: 0 | AR5: 0 | AS5: 0 | AT5: 0 | AU5: 0 | AV5: 0 | AW5: 0 | AX5: 0
A6: 44543 | B6: 0 | C6: 0 | D6: 0 | E6: 0 | F6: -0.037036 | G6: -0.073833 | H6: 0 | I6: 0 | J6: 0 | K6: 0 | L6: 0 | M6: 0 | N6: 0 | O6: 0 | P6: 0 | Q6: 0.025045 | R6: 0 | S6: 0 | T6: 0 | U6: 0.001061 | V6: 0 | W6: 0 | X6: 0 | Y6: 0 | Z6: -0.001069 | AA6: 0.055588 | AB6: 0.001525 | AC6: 0 | AD6: 0 | AE6: 0.010703 | AF6: 0.008323 | AG6: 0 | AH6: 0 | AI6: 0 | AJ6: 0 | AK6: 0 | AL6: -0.001069 | AM6: 0 | AN6: -0.031173 | AO6: 0 | AP6: 0 | AQ6: 0 | AR6: 0 | AS6: 0 | AT6: 0 | AU6: 0 | AV6: 0 | AW6: 0 | AX6: 0
A7: 44544 | B7: 0 | C7: 0 | D7: 0 | E7: 0 | F7: 0 | G7: 0 | H7: 0 | I7: 0 | J7: 0 | K7: 0 | L7: 0 | M7: 0 | N7: 0 | O7: -0.008938 | P7: 0 | Q7: 0.019447 | R7: 0 | S7: 0 | T7: 0 | U7: 0 | V7: 0 | W7: 0 | X7: 0 | Y7: 0 | Z7: 0 | AA7: 0 | AB7: 0 | AC7: 0 | AD7: 0 | AE7: 0 | AF7: 0 | AG7: 0 | AH7: 0 | AI7: 0 | AJ7: 0 | AK7: 0 | AL7: 0 | AM7: 0 | AN7: 0.008082 | AO7: 0 | AP7: 0 | AQ7: 0 | AR7: 0 | AS7: 0 | AT7: 0 | AU7: 0 | AV7: 0 | AW7: 0 | AX7: -0.013167
A8: 44545 | B8: 0 | C8: 0 | D8: 0 | E8: 0 | F8: -0.015129 | G8: 0 | H8: 0 | I8: 0 | J8: 0 | K8: 0 | L8: -0.003896 | M8: 0 | N8: 0 | O8: 0.015936 | P8: 0.01598 | Q8: 0.056697 | R8: 0 | S8: 0.01758 | T8: 0.056367 | U8: 0 | V8: 0 | W8: 0 | X8: 0 | Y8: 0 | Z8: 0 | AA8: 0 | AB8: 0 | AC8: -0.0089246667 | AD8: 0 | AE8: 0 | AF8: 0 | AG8: 0 | AH8: 0 | AI8: 0.00492 | AJ8: 0 | AK8: 0 | AL8: 0 | AM8: 0 | AN8: 0 | AO8: 0 | AP8: 0 | AQ8: 0 | AR8: 0 | AS8: 0 | AT8: 0.05709 | AU8: 0.093741 | AV8: 0 | AW8: 0 | AX8: 0
A9: 44546 | B9: 0 | C9: 0 | D9: 0 | E9: 0 | F9: 0 | G9: 0 | H9: 0 | I9: 0 | J9: 0 | K9: 0 | L9: 0 | M9: 0 | N9: 0 | O9: -0.016011 | P9: -0.001723 | Q9: 0 | R9: 0 | S9: 0 | T9: 0 | U9: 0 | V9: 0 | W9: 0 | X9: 0 | Y9: 0 | Z9: 0.007962 | AA9: 0 | AB9: 0 | AC9: 0 | AD9: -0.021513 | AE9: 0 | AF9: 0 | AG9: 0 | AH9: 0 | AI9: -0.043755 | AJ9: -0.026344 | AK9: 0 | AL9: 0 | AM9: 0 | AN9: -0.040585 | AO9: 0 | AP9: 0 | AQ9: 0 | AR9: 0 | AS9: 0 | AT9: -0.026476 | AU9: 0 | AV9: 0 | AW9: 0 | AX9: 0
A10: 44547 | B10: 0 | C10: 0 | D10: 0 | E10: 0 | F10: 0.0453595 | G10: -0.0804 | H10: 0.026831 | I10: 0 | J10: 0 | K10: -0.002118 | L10: 0 | M10: 0 | N10: 0 | O10: -0.047384 | P10: 0 | Q10: -0.049163 | R10: 0 | S10: 0 | T10: 0 | U10: 0 | V10: 0 | W10: 0 | X10: -0.062044 | Y10: 0 | Z10: -0.019386 | AA10: 0 | AB10: -0.0177575 | AC10: 0.002108 | AD10: -0.0804 | AE10: -0.016309 | AF10: 0 | AG10: 0 | AH10: 0 | AI10: -0.071222 | AJ10: 0 | AK10: 0 | AL10: 0 | AM10: 0 | AN10: 0 | AO10: 0 | AP10: -0.021007 | AQ10: 0 | AR10: 0 | AS10: 0 | AT10: -0.0804 | AU10: 0 | AV10: 0 | AW10: 0 | AX10: 0
A11: 44550 | B11: 0 | C11: 0.000108 | D11: 0 | E11: 0 | F11: 0.0235975 | G11: 0 | H11: 0 | I11: 0 | J11: 0 | K11: 0 | L11: 0 | M11: 0 | N11: 0 | O11: 0 | P11: 0.020527 | Q11: 0 | R11: 0 | S11: 0 | T11: 0 | U11: 0 | V11: 0 | W11: 0.023498 | X11: 0 | Y11: 0 | Z11: 0.046552 | AA11: 0 | AB11: 0.011733 | AC11: 0 | AD11: 0.037466 | AE11: -0.008747 | AF11: 0 | AG11: 0 | AH11: 0 | AI11: -0.012868 | AJ11: 0 | AK11: 0 | AL11: 0 | AM11: 0.006911 | AN11: -0.016558 | AO11: 0 | AP11: 0 | AQ11: 0 | AR11: 0 | AS11: 0 | AT11: 0.014201 | AU11: 0 | AV11: 0 | AW11: 0 | AX11: 0
A12: 44551 | B12: 0 | C12: 0 | D12: 0 | E12: 0 | F12: 0 | G12: 0 | H12: -0.000509 | I12: 0 | J12: 0 | K12: 0 | L12: 0 | M12: 0 | N12: 0 | O12: 0 | P12: -0.009257 | Q12: 0 | R12: 0 | S12: 0 | T12: 0 | U12: 0 | V12: 0 | W12: 0 | X12: 0.060808 | Y12: 0 | Z12: 0 | AA12: 0 | AB12: 0 | AC12: 0.0057975 | AD12: 0 | AE12: 0 | AF12: 0 | AG12: 0 | AH12: 0 | AI12: 0 | AJ12: 0 | AK12: 0 | AL12: 0 | AM12: 0 | AN12: -0.032817667 | AO12: 0 | AP12: 0 | AQ12: 0 | AR12: 0 | AS12: 0 | AT12: 0 | AU12: 0 | AV12: 0 | AW12: 0 | AX12: 0
A13: 44552 | B13: 0 | C13: 0 | D13: 0 | E13: 0 | F13: -0.003597 | G13: 0 | H13: 0 | I13: 0 | J13: 0 | K13: 0 | L13: 0 | M13: 0 | N13: 0 | O13: 0 | P13: 0 | Q13: -0.034933 | R13: 0 | S13: 0 | T13: 0 | U13: 0 | V13: 0 | W13: 0 | X13: -0.043013 | Y13: 0 | Z13: 0 | AA13: 0 | AB13: 0 | AC13: 0 | AD13: 0 | AE13: 0 | AF13: -0.027557 | AG13: 0 | AH13: 0 | AI13: -0.011752 | AJ13: 0 | AK13: 0 | AL13: 0 | AM13: -0.003465 | AN13: 0 | AO13: 0 | AP13: 0 | AQ13: 0 | AR13: 0 | AS13: 0 | AT13: 0 | AU13: 0 | AV13: 0 | AW13: 0 | AX13: 0
... A290: 44987 | B290: 0 | C290: 0 | D290: 0 | E290: -0.045587 | F290: 0.000572 | G290: -0.017984 | H290: 0.021053 | I290: 0 | J290: 0 | K290: 0 | L290: 0 | M290: 0 | N290: 0 | O290: 0 | P290: -0.030146 | Q290: 0 | R290: 0 | S290: -0.030146 | T290: 0 | U290: 0 | V290: 0 | W290: -0.030146 | X290: 0 | Y290: 0 | Z290: 0 | AA290: 0 | AB290: -0.020875 | AC290: 0 | AD290: 0 | AE290: 0 | AF290: -0.014587 | AG290: 0 | AH290: 0.023329 | AI290: -0.025745 | AJ290: 0 | AK290: 0 | AL290: 0 | AM290: 0 | AN290: -0.016265 | AO290: -0.007536 | AP290: 0 | AQ290: 0 | AR290: 0 | AS290: 0 | AT290: 0 | AU290: 0 | AV290: 0 | AW290: 0 | AX290: 0

Sheet 累计
A1: qid_date | B1: 万联证券 | C1: 上海证券 | D1: 东亚前海证券 | E1: 东兴证券 | F1: 东吴证券 | G1: 东方证券 | H1: 东方财富证券 | I1: 东莞证券 | J1: 中原证券 | K1: 中国银河 | L1: 中航证券 | M1: 中邮证券 | N1: 中银证券 | O1: 信达证券 | P1: 光大证券 | Q1: 华安证券 | R1: 华福证券 | S1: 华西证券 | T1: 华金证券 | U1: 华鑫证券 | V1: 南京证券 | W1: 国信证券 | X1: 国元证券 | Y1: 国开证券 | Z1: 国盛证券 | AA1: 国联证券 | AB1: 国金证券 | AC1: 天风证券 | AD1: 太平洋 | AE1: 安信证券 | AF1: 山西证券 | AG1: 川财证券 | AH1: 平安证券 | AI1: 开源证券 | AJ1: 德邦证券 | AK1: 招银国际 | AL1: 方正证券 | AM1: 民生证券 | AN1: 浙商证券 | AO1: 海通国际 | AP1: 申港证券 | AQ1: 红塔证券 | AR1: 群益证券 | AS1: 英大证券 | AT1: 西南证券 | AU1: 西部证券 | AV1: 财信证券 | AW1: 长城国瑞证券 | AX1: 首创证券
A2: 44537 | B2: =1+1*'3068'!B2 -> 1 | C2: =1+1*'3068'!C2 -> 1 | D2: =1+1*'3068'!D2 -> 1 | E2: =1+1*'3068'!E2 -> 1 | F2: =1+1*'3068'!F2 -> 1 | G2: =1+1*'3068'!G2 -> 1.013057 | H2: =1+1*'3068'!H2 -> 0.990056 | I2: =1+1*'3068'!I2 -> 1 | ... AX2: =1+1*'3068'!AX2 -> 1 | AY2: =(B2-MIN(B2:B$290))/B2 -> 0.066843238 | AZ2: =(C2-MIN(C2:C$290))/C2 -> 0.39019777 | BA2: =(D2-MIN(D2:D$290))/D2 -> 0.26775061 | BB2: =(E2-MIN(E2:E$290))/E2 -> 0.32646305 | BC2: =(F2-MIN(F2:F$290))/F2 -> 0.29034882 | BD2: =(G2-MIN(G2:G$290))/G2 -> 0.34742585 | BE2: =(H2-MIN(H2:H$290))/H2 -> 0.17619747 | BF2: =(I2-MIN(I2:I$290))/I2 -> 0.23456397 | ... CU2: =(AX2-MIN(AX2:AX$290))/AX2 -> 0.2677968
A3: 44538 | B3: =B2+B2*'3068'!B3 -> 1 | C3: =C2+C2*'3068'!C3 -> 1 | D3: =D2+D2*'3068'!D3 -> 1 | E3: =E2+E2*'3068'!E3 -> 1 | F3: =F2+F2*'3068'!F3 -> 0.955665 | G3: =G2+G2*'3068'!G3 -> 1.016858 | H3: =H2+H2*'3068'!H3 -> 0.990056 | I3: =I2+I2*'3068'!I3 -> 1 | ... AX3: =AX2+AX2*'3068'!AX3 -> 1 | AY3: =(B3-MIN(B3:B$290))/B3 -> 0.066843238 | AZ3: =(C3-MIN(C3:C$290))/C3 -> 0.39019777 | BA3: =(D3-MIN(D3:D$290))/D3 -> 0.26775061 | BB3: =(E3-MIN(E3:E$290))/E3 -> 0.32646305 | BC3: =(F3-MIN(F3:F$290))/F3 -> 0.25742684 | BD3: =(G3-MIN(G3:G$290))/G3 -> 0.34986516 | BE3: =(H3-MIN(H3:H$290))/H3 -> 0.17619747 | BF3: =(I3-MIN(I3:I$290))/I3 -> 0.23456397 | ... CU3: =(AX3-MIN(AX3:AX$290))/AX3 -> 0.2677968
A4: 44539 | B4: =B3+B3*'3068'!B4 -> 1 | C4: =C3+C3*'3068'!C4 -> 1 | D4: =D3+D3*'3068'!D4 -> 1 | E4: =E3+E3*'3068'!E4 -> 1 | F4: =F3+F3*'3068'!F4 -> 0.955665 | G4: =G3+G3*'3068'!G4 -> 1.016858 | H4: =H3+H3*'3068'!H4 -> 0.990056 | I4: =I3+I3*'3068'!I4 -> 1 | ... AX4: =AX3+AX3*'3068'!AX4 -> 0.966055 | AY4: =(B4-MIN(B4:B$290))/B4 -> 0.066843238 | AZ4: =(C4-MIN(C4:C$290))/C4 -> 0.39019777 | BA4: =(D4-MIN(D4:D$290))/D4 -> 0.26775061 | BB4: =(E4-MIN(E4:E$290))/E4 -> 0.32646305 | BC4: =(F4-MIN(F4:F$290))/F4 -> 0.25742684 | BD4: =(G4-MIN(G4:G$290))/G4 -> 0.34986516 | BE4: =(H4-MIN(H4:H$290))/H4 -> 0.17619747 | BF4: =(I4-MIN(I4:I$290))/I4 -> 0.23456397 | ... CU4: =(AX4-MIN(AX4:AX$290))/AX4 -> 0.24206883
A5: 44540 | B5: =B4+B4*'3068'!B5 -> 1 | C5: =C4+C4*'3068'!C5 -> 1 | D5: =D4+D4*'3068'!D5 -> 1 | E5: =E4+E4*'3068'!E5 -> 1 | F5: =F4+F4*'3068'!F5 -> 0.93393063 | G5: =G4+G4*'3068'!G5 -> 1.016858 | H5: =H4+H4*'3068'!H5 -> 0.990056 | I5: =I4+I4*'3068'!I5 -> 1 | ... AX5: =AX4+AX4*'3068'!AX5 -> 0.966055 | AY5: =(B5-MIN(B5:B$290))/B5 -> 0.066843238 | AZ5: =(C5-MIN(C5:C$290))/C5 -> 0.39019777 | BA5: =(D5-MIN(D5:D$290))/D5 -> 0.26775061 | BB5: =(E5-MIN(E5:E$290))/E5 -> 0.32646305 | BC5: =(F5-MIN(F5:F$290))/F5 -> 0.24014572 | BD5: =(G5-MIN(G5:G$290))/G5 -> 0.34986516 | BE5: =(H5-MIN(H5:H$290))/H5 -> 0.17619747 | BF5: =(I5-MIN(I5:I$290))/I5 -> 0.23456397 | ... CU5: =(AX5-MIN(AX5:AX$290))/AX5 -> 0.24206883
A6: 44543 | B6: =B5+B5*'3068'!B6 -> 1 | C6: =C5+C5*'3068'!C6 -> 1 | D6: =D5+D5*'3068'!D6 -> 1 | E6: =E5+E5*'3068'!E6 -> 1 | F6: =F5+F5*'3068'!F6 -> 0.89934157 | G6: =G5+G5*'3068'!G6 -> 0.94178031 | H6: =H5+H5*'3068'!H6 -> 0.990056 | I6: =I5+I5*'3068'!I6 -> 1 | ... AX6: =AX5+AX5*'3068'!AX6 -> 0.966055 | AY6: =(B6-MIN(B6:B$290))/B6 -> 0.066843238 | AZ6: =(C6-MIN(C6:C$290))/C6 -> 0.39019777 | BA6: =(D6-MIN(D6:D$290))/D6 -> 0.26775061 | BB6: =(E6-MIN(E6:E$290))/E6 -> 0.32646305 | BC6: =(F6-MIN(F6:F$290))/F6 -> 0.21092141 | BD6: =(G6-MIN(G6:G$290))/G6 -> 0.29803713 | BE6: =(H6-MIN(H6:H$290))/H6 -> 0.17619747 | BF6: =(I6-MIN(I6:I$290))/I6 -> 0.23456397 | ... CU6: =(AX6-MIN(AX6:AX$290))/AX6 -> 0.24206883
A7: 44544 | B7: =B6+B6*'3068'!B7 -> 1 | C7: =C6+C6*'3068'!C7 -> 1 | D7: =D6+D6*'3068'!D7 -> 1 | E7: =E6+E6*'3068'!E7 -> 1 | F7: =F6+F6*'3068'!F7 -> 0.89934157 | G7: =G6+G6*'3068'!G7 -> 0.94178031 | H7: =H6+H6*'3068'!H7 -> 0.990056 | I7: =I6+I6*'3068'!I7 -> 1 | ... AX7: =AX6+AX6*'3068'!AX7 -> 0.95333495 | AY7: =(B7-MIN(B7:B$290))/B7 -> 0.066843238 | AZ7: =(C7-MIN(C7:C$290))/C7 -> 0.39019777 | BA7: =(D7-MIN(D7:D$290))/D7 -> 0.26775061 | BB7: =(E7-MIN(E7:E$290))/E7 -> 0.32646305 | BC7: =(F7-MIN(F7:F$290))/F7 -> 0.21092141 | BD7: =(G7-MIN(G7:G$290))/G7 -> 0.29803713 | BE7: =(H7-MIN(H7:H$290))/H7 -> 0.17619747 | BF7: =(I7-MIN(I7:I$290))/I7 -> 0.23456397 | ... CU7: =(AX7-MIN(AX7:AX$290))/AX7 -> 0.231956
A8: 44545 | B8: =B7+B7*'3068'!B8 -> 1 | C8: =C7+C7*'3068'!C8 -> 1 | D8: =D7+D7*'3068'!D8 -> 1 | E8: =E7+E7*'3068'!E8 -> 1 | F8: =F7+F7*'3068'!F8 -> 0.88573544 | G8: =G7+G7*'3068'!G8 -> 0.94178031 | H8: =H7+H7*'3068'!H8 -> 0.990056 | I8: =I7+I7*'3068'!I8 -> 1 | ... AX8: =AX7+AX7*'3068'!AX8 -> 0.95333495 | AY8: =(B8-MIN(B8:B$290))/B8 -> 0.066843238 | AZ8: =(C8-MIN(C8:C$290))/C8 -> 0.39019777 | BA8: =(D8-MIN(D8:D$290))/D8 -> 0.26775061 | BB8: =(E8-MIN(E8:E$290))/E8 -> 0.32646305 | BC8: =(F8-MIN(F8:F$290))/F8 -> 0.19880005 | BD8: =(G8-MIN(G8:G$290))/G8 -> 0.29803713 | BE8: =(H8-MIN(H8:H$290))/H8 -> 0.17619747 | BF8: =(I8-MIN(I8:I$290))/I8 -> 0.23456397 | ... CU8: =(AX8-MIN(AX8:AX$290))/AX8 -> 0.231956
A9: 44546 | B9: =B8+B8*'3068'!B9 -> 1 | C9: =C8+C8*'3068'!C9 -> 1 | D9: =D8+D8*'3068'!D9 -> 1 | E9: =E8+E8*'3068'!E9 -> 1 | F9: =F8+F8*'3068'!F9 -> 0.88573544 | G9: =G8+G8*'3068'!G9 -> 0.94178031 | H9: =H8+H8*'3068'!H9 -> 0.990056 | I9: =I8+I8*'3068'!I9 -> 1 | ... AX9: =AX8+AX8*'3068'!AX9 -> 0.95333495 | AY9: =(B9-MIN(B9:B$290))/B9 -> 0.066843238 | AZ9: =(C9-MIN(C9:C$290))/C9 -> 0.39019777 | BA9: =(D9-MIN(D9:D$290))/D9 -> 0.26775061 | BB9: =(E9-MIN(E9:E$290))/E9 -> 0.32646305 | BC9: =(F9-MIN(F9:F$290))/F9 -> 0.19880005 | BD9: =(G9-MIN(G9:G$290))/G9 -> 0.29803713 | BE9: =(H9-MIN(H9:H$290))/H9 -> 0.17619747 | BF9: =(I9-MIN(I9:I$290))/I9 -> 0.23456397 | ... CU9: =(AX9-MIN(AX9:AX$290))/AX9 -> 0.231956
A10: 44547 | B10: =B9+B9*'3068'!B10 -> 1 | C10: =C9+C9*'3068'!C10 -> 1 | D10: =D9+D9*'3068'!D10 -> 1 | E10: =E9+E9*'3068'!E10 -> 1 | F10: =F9+F9*'3068'!F10 -> 0.92591195 | G10: =G9+G9*'3068'!G10 -> 0.86606118 | H10: =H9+H9*'3068'!H10 -> 1.0166202 | I10: =I9+I9*'3068'!I10 -> 1 | ... AX10: =AX9+AX9*'3068'!AX10 -> 0.95333495 | AY10: =(B10-MIN(B10:B$290))/B10 -> 0.066843238 | AZ10: =(C10-MIN(C10:C$290))/C10 -> 0.39019777 | BA10: =(D10-MIN(D10:D$290))/D10 -> 0.26775061 | BB10: =(E10-MIN(E10:E$290))/E10 -> 0.32646305 | BC10: =(F10-MIN(F10:F$290))/F10 -> 0.23356516 | BD10: =(G10-MIN(G10:G$290))/G10 -> 0.236665 | BE10: =(H10-MIN(H10:H$290))/H10 -> 0.19772336 | BF10: =(I10-MIN(I10:I$290))/I10 -> 0.23456397 | ... CU10: =(AX10-MIN(AX10:AX$290))/AX10 -> 0.231956
A11: 44550 | B11: =B10+B10*'3068'!B11 -> 1 | C11: =C10+C10*'3068'!C11 -> 1.000108 | D11: =D10+D10*'3068'!D11 -> 1 | E11: =E10+E10*'3068'!E11 -> 1 | F11: =F10+F10*'3068'!F11 -> 0.94776116 | G11: =G10+G10*'3068'!G11 -> 0.86606118 | H11: =H10+H10*'3068'!H11 -> 1.0166202 | I11: =I10+I10*'3068'!I11 -> 1 | ... AX11: =AX10+AX10*'3068'!AX11 -> 0.95333495 | AY11: =(B11-MIN(B11:B$290))/B11 -> 0.066843238 | AZ11: =(C11-MIN(C11:C$290))/C11 -> 0.39026362 | BA11: =(D11-MIN(D11:D$290))/D11 -> 0.26775061 | BB11: =(E11-MIN(E11:E$290))/E11 -> 0.32646305 | BC11: =(F11-MIN(F11:F$290))/F11 -> 0.25123416 | BD11: =(G11-MIN(G11:G$290))/G11 -> 0.236665 | BE11: =(H11-MIN(H11:H$290))/H11 -> 0.19772336 | BF11: =(I11-MIN(I11:I$290))/I11 -> 0.23456397 | ... CU11: =(AX11-MIN(AX11:AX$290))/AX11 -> 0.231956
A12: 44551 | B12: =B11+B11*'3068'!B12 -> 1 | C12: =C11+C11*'3068'!C12 -> 1.000108 | D12: =D11+D11*'3068'!D12 -> 1 | E12: =E11+E11*'3068'!E12 -> 1 | F12: =F11+F11*'3068'!F12 -> 0.94776116 | G12: =G11+G11*'3068'!G12 -> 0.86606118 | H12: =H11+H11*'3068'!H12 -> 1.0161027 | I12: =I11+I11*'3068'!I12 -> 1 | ... AX12: =AX11+AX11*'3068'!AX12 -> 0.95333495 | AY12: =(B12-MIN(B12:B$290))/B12 -> 0.066843238 | AZ12: =(C12-MIN(C12:C$290))/C12 -> 0.39026362 | BA12: =(D12-MIN(D12:D$290))/D12 -> 0.26775061 | BB12: =(E12-MIN(E12:E$290))/E12 -> 0.32646305 | BC12: =(F12-MIN(F12:F$290))/F12 -> 0.25123416 | BD12: =(G12-MIN(G12:G$290))/G12 -> 0.236665 | BE12: =(H12-MIN(H12:H$290))/H12 -> 0.19731479 | BF12: =(I12-MIN(I12:I$290))/I12 -> 0.23456397 | ... CU12: =(AX12-MIN(AX12:AX$290))/AX12 -> 0.231956
A13: 44552 | B13: =B12+B12*'3068'!B13 -> 1 | C13: =C12+C12*'3068'!C13 -> 1.000108 | D13: =D12+D12*'3068'!D13 -> 1 | E13: =E12+E12*'3068'!E13 -> 1 | F13: =F12+F12*'3068'!F13 -> 0.94435206 | G13: =G12+G12*'3068'!G13 -> 0.86606118 | H13: =H12+H12*'3068'!H13 -> 1.0161027 | I13: =I12+I12*'3068'!I13 -> 1 | ... AX13: =AX12+AX12*'3068'!AX13 -> 0.95333495 | AY13: =(B13-MIN(B13:B$290))/B13 -> 0.066843238 | AZ13: =(C13-MIN(C13:C$290))/C13 -> 0.39026362 | BA13: =(D13-MIN(D13:D$290))/D13 -> 0.26775061 | BB13: =(E13-MIN(E13:E$290))/E13 -> 0.32646305 | BC13: =(F13-MIN(F13:F$290))/F13 -> 0.24853112 | BD13: =(G13-MIN(G13:G$290))/G13 -> 0.236665 | BE13: =(H13-MIN(H13:H$290))/H13 -> 0.19731479 | BF13: =(I13-MIN(I13:I$290))/I13 -> 0.23456397 | ... CU13: =(AX13-MIN(AX13:AX$290))/AX13 -> 0.231956
A14: 44553 | B14: =B13+B13*'3068'!B14 -> 1 | C14: =C13+C13*'3068'!C14 -> 1.000108 | D14: =D13+D13*'3068'!D14 -> 1 | E14: =E13+E13*'3068'!E14 -> 1 | F14: =F13+F13*'3068'!F14 -> 0.94435206 | G14: =G13+G13*'3068'!G14 -> 0.86606118 | H14: =H13+H13*'3068'!H14 -> 1.0161027 | I14: =I13+I13*'3068'!I14 -> 1 | ... AX14: =AX13+AX13*'3068'!AX14 -> 0.95333495 | AY14: =(B14-MIN(B14:B$290))/B14 -> 0.066843238 | AZ14: =(C14-MIN(C14:C$290))/C14 -> 0.39026362 | BA14: =(D14-MIN(D14:D$290))/D14 -> 0.26775061 | BB14: =(E14-MIN(E14:E$290))/E14 -> 0.32646305 | BC14: =(F14-MIN(F14:F$290))/F14 -> 0.24853112 | BD14: =(G14-MIN(G14:G$290))/G14 -> 0.236665 | BE14: =(H14-MIN(H14:H$290))/H14 -> 0.19731479 | BF14: =(I14-MIN(I14:I$290))/I14 -> 0.23456397 | ... CU14: =(AX14-MIN(AX14:AX$290))/AX14 -> 0.231956
... A290: 44987 | B290: =B289+B289*'3068'!B290 -> 0.99906191 | C290: =C289+C289*'3068'!C290 -> 0.62697065 | D290: =D289+D289*'3068'!D290 -> 0.74429272 | E290: =E289+E289*'3068'!E290 -> 0.78671519 | F290: =F289+F289*'3068'!F290 -> 0.92903265 | G290: =G289+G289*'3068'!G290 -> 0.83319056 | H290: =H289+H289*'3068'!H290 -> 0.95804851 | I290: =I289+I289*'3068'!I290 -> 0.88445361 | ... AX290: =AX289+AX289*'3068'!AX290 -> 0.93391404 | AY290: =(B290-MIN(B290:B$290))/B290 -> 0 | AZ290: =(C290-MIN(C290:C$290))/C290 -> 0 | BA290: =(D290-MIN(D290:D$290))/D290 -> 0 | BB290: =(E290-MIN(E290:E$290))/E290 -> 0 | BC290: =(F290-MIN(F290:F$290))/F290 -> 0 | BD290: =(G290-MIN(G290:G$290))/G290 -> 0 | BE290: =(H290-MIN(H290:H$290))/H290 -> 0 | BF290: =(I290-MIN(I290:I$290))/I290 -> 0 | ... CU290: =(AX290-MIN(AX290:AX$290))/AX290 -> 0
B291: =B290-1 -> -0.00093809404 | C291: =C290-1 -> -0.37302935 | D291: =D290-1 -> -0.25570728 | E291: =E290-1 -> -0.21328481 | F291: =F290-1 -> -0.07096735 | G291: =G290-1 -> -0.16680944 | H291: =H290-1 -> -0.041951485 | I291: =I290-1 -> -0.11554639 | ... AX291: =AX290-1 -> -0.066085959 | AY291: =MAX(AY2:AY290) -> 0.1463867 | AZ291: =MAX(AZ2:AZ290) -> 0.39026362 | BA291: =MAX(BA2:BA290) -> 0.33981131 | BB291: =MAX(BB2:BB290) -> 0.32646305 | BC291: =MAX(BC2:BC290) -> 0.35801026 | BD291: =MAX(BD2:BD290) -> 0.34986516 | BE291: =MAX(BE2:BE290) -> 0.26131654 | BF291: =MAX(BF2:BF290) -> 0.23456397 | ... CU291: =MAX(CU2:CU290) -> 0.38340128
A292: 年化 | B292: =B290^(242/300)-1 -> -0.00075679784 | C292: =C290^(242/300)-1 -> -0.31380732 | D292: =D290^(242/300)-1 -> -0.21197504 | E292: =E290^(242/300)-1 -> -0.17593878 | F292: =F290^(242/300)-1 -> -0.057651258 | G292: =G290^(242/300)-1 -> -0.13688811 | H292: =H290^(242/300)-1 -> -0.033980444 | I292: =I290^(242/300)-1 -> -0.094299628 | ... AX292: =AX290^(242/300)-1 -> -0.053659188
A293: 标准差 | B293: =_xlfn.STDEV.P(B2:B290) -> 0.025663134 | C293: =_xlfn.STDEV.P(C2:C290) -> 0.12685887 | D293: =_xlfn.STDEV.P(D2:D290) -> 0.11430673 | E293: =_xlfn.STDEV.P(E2:E290) -> 0.081504324 | F293: =_xlfn.STDEV.P(F2:F290) -> 0.078406113 | G293: =_xlfn.STDEV.P(G2:G290) -> 0.063637733 | H293: =_xlfn.STDEV.P(H2:H290) -> 0.048420218 | I293: =_xlfn.STDEV.P(I2:I290) -> 0.05554709 | ... AX293: =_xlfn.STDEV.P(AX2:AX290) -> 0.1206979
A294: 最大回撤 | B294: 0.1463867 | C294: 0.39026362 | D294: 0.33981131 | E294: 0.32646305 | F294: 0.35801026 | G294: 0.34986516 | H294: 0.26131654 | I294: 0.23456397 | J294: 0.2063224 | K294: 0.28860619 | L294: 0.23077705 | M294: 0.17435998 | N294: 0.47508197 | O294: 0.31238205 | P294: 0.45785569 | Q294: 0.38657744 | R294: 0.1408495 | S294: 0.3729144 | T294: 0.43572656 | U294: 0.30873679 | V294: 0.15227921 | W294: 0.3491723 | X294: 0.32443382 | Y294: 0.030952 | Z294: 0.46854731 | AA294: 0.52964242 | AB294: 0.62967299 | AC294: 0.47787583 | AD294: 0.29047193 | AE294: 0.46762327 | AF294: 0.28058676 | AG294: 0.026612638 | AH294: 0.42349103 | AI294: 0.5452173 | AJ294: 0.26821706 | AK294: 0.0063912475 | AL294: 0.57825728 | AM294: 0.37413025 | AN294: 0.68856993 | AO294: 0.14737819 | AP294: 0.11633117 | AQ294: 0.18361751 | AR294: 0.33034743 | AS294: 0.022666 | AT294: 0.46621951 | AU294: 0.49499772 | AV294: 0.2020055 | AW294: 0.055307574 | AX294: 0.38340128
A295: 卡尔玛 | B295: =B292/B294 -> -0.0051698538 | C295: =C292/C294 -> -0.80409062 | D295: =D292/D294 -> -0.62380219 | E295: =E292/E294 -> -0.53892402 | F295: =F292/F294 -> -0.16103242 | G295: =G292/G294 -> -0.39125961 | H295: =H292/H294 -> -0.13003557 | I295: =I292/I294 -> -0.40202093 | ... AX295: =AX292/AX294 -> -0.13995568
A296: 夏普比率 | B296: =(B292-0.02)/B293 -> -0.80881773 | C296: =(C292-0.02)/C293 -> -2.6313282 | D296: =(D292-0.02)/D293 -> -2.0294083 | E296: =(E292-0.02)/E293 -> -2.4040292 | F296: =(F292-0.02)/F293 -> -0.9903725 | G296: =(G292-0.02)/G293 -> -2.4653315 | H296: =(H292-0.02)/H293 -> -1.1148327 | I296: =(I292-0.02)/I293 -> -2.0577069 | ... AX296: =(AX292-0.02)/AX293 -> -0.61027728
A298: 年化 | B298: -0.00078553203 | C298: -0.31236368 | D298: -0.21412167 | E298: -0.17859835 | F298: -0.059425947 | G298: -0.13968126 | H298: -0.035128925 | I298: -0.096755112 | J298: -0.12101235 | K298: -0.10727108 | L298: 0.071315374 | M298: -0.002627096 | N298: -0.31262429 | O298: 0.15709334 | P298: -0.30262652 | Q298: -0.14152074 | R298: -0.017844461 | S298: 0.12665681 | T298: -0.33823072 | U298: -0.078944004 | V298: -0.091006584 | W298: 0.38882239 | X298: -0.20811157 | Y298: 0.03339337 | Z298: -0.29050966 | AA298: -0.33032387 | AB298: -0.41148229 | AC298: -0.13931291 | AD298: -0.097665873 | AE298: -0.15201902 | AF298: 0.12390962 | AG298: 0.088636861 | AH298: -0.25561517 | AI298: -0.33275108 | AJ298: -0.012661477 | AK298: -0.00010484535 | AL298: -0.48421544 | AM298: 0.21920773 | AN298: -0.52908427 | AO298: 0.20482421 | AP298: -0.070636383 | AQ298: -0.15258618 | AR298: -0.21642808 | AS298: -0.0068694021 | AT298: 0.11159667 | AU298: -0.23174684 | AV298: 0.03731237 | AW298: 0.057554706 | AX298: -0.055338416
A299: 标准差 | B299: 0.025663134 | C299: 0.12685887 | D299: 0.11430673 | E299: 0.081504324 | F299: 0.078406113 | G299: 0.063637733 | H299: 0.048420218 | I299: 0.05554709 | J299: 0.062110887 | K299: 0.07272693 | L299: 0.087254561 | M299: 0.050076894 | N299: 0.1613097 | O299: 0.12783383 | P299: 0.14140875 | Q299: 0.11526604 | R299: 0.028988469 | S299: 0.21108339 | T299: 0.13340851 | U299: 0.08673578 | V299: 0.041248516 | W299: 0.22050088 | X299: 0.084067088 | Y299: 0.028009104 | Z299: 0.12622557 | AA299: 0.17463916 | AB299: 0.22574533 | AC299: 0.10791203 | AD299: 0.083034516 | AE299: 0.12990722 | AF299: 0.082432797 | AG299: 0.051292683 | AH299: 0.13077434 | AI299: 0.12368274 | AJ299: 0.062604224 | AK299: 0.0008431962 | AL299: 0.16283865 | AM299: 0.10884287 | AN299: 0.16689335 | AO299: 0.12481332 | AP299: 0.027636871 | AQ299: 0.074525446 | AR299: 0.12654446 | AS299: 0.005726301 | AT299: 0.16710518 | AU299: 0.10448979 | AV299: 0.08373855 | AW299: 0.037949658 | AX299: 0.1206979
A300: 最大回撤 | B300: 0.1463867 | C300: 0.39026362 | D300: 0.33981131 | E300: 0.32646305 | F300: 0.35801026 | G300: 0.34986516 | H300: 0.26131654 | I300: 0.23456397 | J300: 0.2063224 | K300: 0.28860619 | L300: 0.23077705 | M300: 0.17435998 | N300: 0.47508197 | O300: 0.31238205 | P300: 0.45785569 | Q300: 0.38657744 | R300: 0.1408495 | S300: 0.3729144 | T300: 0.43572656 | U300: 0.30873679 | V300: 0.15227921 | W300: 0.3491723 | X300: 0.32443382 | Y300: 0.030952 | Z300: 0.46854731 | AA300: 0.52964242 | AB300: 0.62967299 | AC300: 0.47787583 | AD300: 0.29047193 | AE300: 0.46762327 | AF300: 0.28058676 | AG300: 0.026612638 | AH300: 0.42349103 | AI300: 0.5452173 | AJ300: 0.26821706 | AK300: 0.0063912475 | AL300: 0.57825728 | AM300: 0.37413025 | AN300: 0.68856993 | AO300: 0.14737819 | AP300: 0.11633117 | AQ300: 0.18361751 | AR300: 0.33034743 | AS300: 0.022666 | AT300: 0.46621951 | AU300: 0.49499772 | AV300: 0.2020055 | AW300: 0.055307574 | AX300: 0.38340128
A301: 卡尔玛 | B301: -0.0053661435 | C301: -0.80039149 | D301: -0.63011932 | E301: -0.54707066 | F301: -0.16598951 | G301: -0.39924313 | H301: -0.13443055 | I301: -0.41248922 | J301: -0.58652067 | K301: -0.37168669 | L301: 0.30902282 | M301: -0.015067081 | N301: -0.65804283 | O301: 0.50288849 | P301: -0.66096486 | Q301: -0.36608641 | R301: -0.12669168 | S301: 0.33964043 | T301: -0.77624536 | U301: -0.25570002 | V301: -0.59762975 | W301: 1.1135545 | X301: -0.64146078 | Y301: 1.078876 | Z301: -0.62002204 | AA301: -0.62367336 | AB301: -0.6534857 | AC301: -0.29152534 | AD301: -0.33623171 | AE301: -0.32508865 | AF301: 0.44160893 | AG301: 3.3306304 | AH301: -0.60359052 | AI301: -0.61030911 | AJ301: -0.047206082 | AK301: -0.016404521 | AL301: -0.83737024 | AM301: 0.58591287 | AN301: -0.76838132 | AO301: 1.3897865 | AP301: -0.60720085 | AQ301: -0.83100013 | AR301: -0.65515292 | AS301: -0.30307077 | AT301: 0.23936509 | AU301: -0.46817759 | AV301: 0.18470968 | AW301: 1.0406297 | AX301: -0.1443355
A302: 夏普比率 | B302: -0.8099374 | C302: -2.6199483 | D302: -2.0481879 | E302: -2.4366603 | F302: -1.0130071 | G302: -2.509223 | H302: -1.1385518 | I302: -2.1019123 | J302: -2.2703323 | K302: -1.7499856 | L302: 0.58811107 | M302: -0.45184703 | N302: -2.0620228 | O302: 1.0724339 | P302: -2.2815173 | Q302: -1.4012865 | R302: -1.3055005 | S302: 0.50528281 | T302: -2.6852165 | U302: -1.1407519 | V302: -2.6911655 | W302: 1.6726573 | X302: -2.7134468 | Y302: 0.47817918 | Z302: -2.4599585 | AA302: -2.0059869 | AB302: -1.9113675 | AC302: -1.4763221 | AD302: -1.4170718 | AE302: -1.3241683 | AF302: 1.2605373 | AG302: 1.3381414 | AH302: -2.107563 | AI302: -2.852064 | AJ302: -0.52171363 | AK302: -23.843615 | AL302: -3.0964112 | AM302: 1.8302323 | AN302: -3.2900309 | AO302: 1.4808051 | AP302: -3.2795458 | AQ302: -2.315802 | AR302: -1.8683401 | AS302: -4.6922791 | AT302: 0.54813784 | AU302: -2.409296 | AV302: 0.20674314 | AW302: 0.98959272 | AX302: -0.62418993
